{
    "dc_per_class_pp_all": {
        "1": 0.8353057393758734,
        "2": 0.9658695256661868,
        "3": 0.8774800064964955,
        "4": 0.9074178955603084
    },
    "dc_per_class_pp_per_class": {
        "1": 0.8234274413479943,
        "2": 0.9658692266277651,
        "3": 0.8547608503169758,
        "4": 0.9021271310677754
    },
    "dc_per_class_raw": {
        "1": 0.8321356984666479,
        "2": 0.9658586182461733,
        "3": 0.8748408744553716,
        "4": 0.9074171376521587
    },
    "for_which_classes": [
        [
            1,
            2,
            3,
            4
        ]
    ],
    "min_valid_object_sizes": "None",
    "num_samples": 70,
    "validation_final": "validation_final",
    "validation_raw": "ensemble"
}